name,description,pulls,tags,updated,capabilities,size_variants,url,parameter_sizes,context_window,model_type,license_info,base_model,performance_benchmarks,hardware_requirements,specialty_domain,release_info,quantization_support
deepseek-r1,"DeepSeek-R1 is a family of open reasoning models with performance approaching that of leading models, such as O3 and Gemini 2.5 Pro.",53.4M,35,2 weeks ago,tools;thinking,,https://ollama.com/library/deepseek-r1,671b,128K; 160K,Vision; Code; Math,Apache 2.0; MIT License; mit,Qwen-2; Llama3,N/A,5.2GB; 1.1GB; 4.7GB; 9.0GB; 20GB; 43GB,coding; math; reasoning; scientific,3,No
gemma3n,"Gemma 3n models are designed for efficient execution on everyday devices such as laptops, tablets or phones.",175.8K,9,2 weeks ago,,,https://ollama.com/library/gemma3n,4b; 4B,32K,Vision; Code; Math,mit; cc,N/A,N/A,"7.5GB; 5.6GB; 64.9


MB",coding; math; reasoning; scientific,1; 5; 2.2,Yes
gemma3,"The current, most capable model that runs on a single GPU.",8.8M,21,2 months ago,vision,,https://ollama.com/library/gemma3,27b; 1B; 4B; 12B; 27B,32K; 128K,Vision; Code; Math,mit,Gemini; Gemini,HellaSwag:10; BoolQ:0; PIQA:0; WinoGrande:5; DROP:3; MMLU:5; MATH:4; GSM8K:5,"3.3GB; 815MB; 8.1GB; 17GB; 43.9


MB",coding; math; reasoning; scientific,1; 3; 2,Yes
qwen3,"Qwen3 is the latest generation of large language models in Qwen series, offering a comprehensive suite of dense and mixture-of-experts (MoE) models.",3.6M,35,1 month ago,tools;thinking,,https://ollama.com/library/qwen3,235b; 0.6B; 1.7B; 4B; 8B; 14B; 32B,40K,Vision; Code; Math,N/A,N/A,N/A,5.2GB; 523MB; 1.4GB; 2.6GB; 9.3GB; 19GB,coding; math; reasoning; translation,N/A,Yes
qwen2.5vl,Flagship vision-language model of Qwen and also a significant leap from the previous Qwen2-VL.,361.1K,17,1 month ago,vision,,https://ollama.com/library/qwen2.5vl,72b; 7B,125K,Vision; Math; Text,cc,N/A,N/A,6.0GB; 3.2GB; 21GB; 49GB,math; finance; translation; vision,N/A,No
llama3.1,"Llama 3.1 is a new state-of-the-art model from Meta available in 8B, 70B and 405B parameter sizes.",97.9M,93,7 months ago,tools,,https://ollama.com/library/llama3.1,405b; 70B; 405B,128K,Vision; Code; Math,N/A,N/A,N/A,4.9GB; 43GB; 243GB,coding; math; reasoning; translation,N/A,No
nomic-embed-text,A high-performing open embedding model with a large token context window.,32.9M,3,1 year ago,embedding,,https://ollama.com/library/nomic-embed-text,N/A,2K,Embedding; Vision; Code,N/A,N/A,N/A,274MB,coding; vision; embedding; function_calling,1; 1.5,No
llama3.2,Meta's Llama 3.2 goes small with 1B and 3B models.,25.2M,63,9 months ago,tools,,https://ollama.com/library/llama3.2,3b; 1B; 3B,128K,Vision; Chat; Text,N/A,,N/A,2.0GB; 1.3GB,translation; summarization; chat; vision,N/A,Yes
mistral,"The 7B model released by Mistral AI, updated to version 0.3.",16.6M,84,3 days ago,tools,,https://ollama.com/library/mistral,7b; 7B,32K,Vision; Code; Chat,Apache license,N/A,N/A,4.4GB,coding; chat; vision; function_calling,0.1; 0.3; 0.2,No
qwen2.5,"Qwen2.5 models are pretrained on Alibaba's latest large-scale dataset, encompassing up to 18 trillion tokens. The model supports up to 128K tokens and has multilingual support.",11.2M,133,10 months ago,tools,,https://ollama.com/library/qwen2.5,72b; 72B,32K; 128K,Vision; Math; Chat,Apache 2.0,N/A,N/A,4.7GB; 398MB; 986MB; 1.9GB; 9.0GB; 20GB,coding; math; translation; chat,N/A,No
llama3,Meta Llama 3: The most capable openly available LLM to date,9.3M,68,1 year ago,,,https://ollama.com/library/llama3,70b; 70B,8K,Vision; Chat; Text,N/A,N/A,N/A,4.7GB; 40GB,chat; vision; function_calling,N/A,Yes
llava,LLaVA is a novel end-to-end trained large multimodal model that combines a vision encoder and Vicuna for general-purpose visual and language understanding. Updated to version 1.6.,7.7M,98,1 year ago,vision,,https://ollama.com/library/llava,34b,32K; 4K,Vision; Code; Reasoning,CC; cc,N/A,N/A,4.7GB; 8.0GB; 20GB; 93TB,coding; reasoning; translation; chat,2; 359; 9,No
gemma2,"Google Gemma 2 is a high-performing and efficient model available in three sizes: 2B, 9B, and 27B.",6M,94,11 months ago,,,https://ollama.com/library/gemma2,27b; 2B; 9B; 27B,8K,Vision; Code; Chat,N/A,N/A,N/A,5.4GB; 1.6GB; 16GB,coding; scientific; translation; summarization,N/A,Yes
qwen2.5-coder,"The latest series of Code-Specific Qwen models, with significant improvements in code generation, code reasoning, and code fixing.",5.7M,199,1 month ago,tools,,https://ollama.com/library/qwen2.5-coder,32b; 7B; 32B,32K,Vision; Code; Reasoning,cc,N/A,N/A,4.7GB; 398MB; 986MB; 1.9GB; 9.0GB; 20GB,coding; reasoning; translation; chat,N/A,Yes
phi3,Phi-3 is a family of lightweight 3B (Mini) and 14B (Medium) state-of-the-art open models by Microsoft.,5.6M,72,11 months ago,,,https://ollama.com/library/phi3,14b; 3B; 3.8B; 14B,128K; 4K,Vision; Code; Math,mit; MIT license; commercial,,N/A,2.2GB; 7.9GB,coding; math; reasoning; legal,0.1.39,No
gemma,"Gemma is a family of lightweight, state-of-the-art open models built by Google DeepMind. Updated to version 1.1",5M,102,1 year ago,,,https://ollama.com/library/gemma,7b,8K,Vision; Code; Math,N/A,content; content,N/A,5.0GB; 1.7GB,coding; math; reasoning; translation,1.1,No
qwen,Qwen 1.5 is a series of large language models by Alibaba Cloud spanning from 0.5B to 110B parameters,4.8M,379,1 year ago,,,https://ollama.com/library/qwen,14b; 72b; 110b; 110B,32K; 8K,Vision; Code; Math,N/A,Chinese; Chinese,N/A,2.3GB; 395MB; 1.1GB; 4.5GB; 8.2GB; 18GB,coding; math; reasoning; translation,N/A,Yes
qwen2,Qwen2 is a new series of large language models from Alibaba group,4.2M,97,10 months ago,tools,,https://ollama.com/library/qwen2,72b; 72B,32K; 128K,Embedding; Vision; Text,Apache 2.0,data; data,N/A,4.4GB; 352MB; 935MB; 41GB,translation; vision; embedding; function_calling,N/A,No
mxbai-embed-large,State-of-the-art large embedding model from mixedbread.ai,4.2M,4,1 year ago,embedding,,https://ollama.com/library/mxbai-embed-large,335m,N/A,Embedding; Vision; Text,commercial,N/A,N/A,670MB,vision; embedding; function_calling,1,No
llama2,Llama 2 is a collection of foundation language models ranging from 7B to 70B parameters.,3.8M,102,1 year ago,,,https://ollama.com/library/llama2,7b; 13b; 70b; 70B,4K,Vision; Chat; Text,cc,over; over,N/A,3.8GB; 7.4GB; 39GB; 8GB; 16GB; 64GB,translation; chat; vision; function_calling,N/A,Yes
phi4,"Phi-4 is a 14B parameter, state-of-the-art open model from Microsoft.",3.3M,5,6 months ago,,,https://ollama.com/library/phi4,14b; 14B,16K,Vision; Code; Reasoning,mit; cc,N/A,N/A,9.1GB,coding; reasoning; legal; scientific,N/A,No
codellama,A large language model that can use text prompts to generate and discuss code.,2.5M,199,12 months ago,,,https://ollama.com/library/codellama,70b,16K; 2K,Vision; Code; Text,cc,100B; 100B,N/A,3.8GB; 7.4GB; 19GB; 39GB,coding; scientific; translation; vision,N/A,Yes
tinyllama,The TinyLlama project is an open endeavor to train a compact 1.1B Llama model on 3 trillion tokens.,2.4M,36,1 year ago,,,https://ollama.com/library/tinyllama,1.1b; 1.1B,2K,Vision; Chat; Text,N/A,N/A,N/A,638MB,chat; vision,0.6,No
minicpm-v,A series of multimodal LLMs (MLLMs) designed for vision-language understanding.,2.3M,17,8 months ago,vision,,https://ollama.com/library/minicpm-v,8b; 8B,32K,Vision; Code; Math,proprietary,SigLip-400M; SigLip-400M,N/A,5.5GB,coding; math; reasoning; translation,0.3.10,No
llama3.2-vision,Llama 3.2 Vision is a collection of instruction-tuned image reasoning generative models in 11B and 90B sizes.,2.2M,9,1 month ago,vision,,https://ollama.com/library/llama3.2-vision,90b; 90B,128K,Vision; Code; Reasoning,N/A,,N/A,7.8GB; 55GB,coding; reasoning; translation; chat,N/A,Yes
llama3.3,New state of the art 70B model. Llama 3.3 70B offers similar performance compared to the Llama 3.1 405B model.,2.2M,14,7 months ago,tools,,https://ollama.com/library/llama3.3,70b; 70B; 405B,128K,Vision; Code; Chat,mit; commercial; cc,,N/A,43GB,coding; legal; scientific; translation,N/A,Yes
mistral-nemo,"A state-of-the-art 12B model with 128k context length, built by Mistral AI in collaboration with NVIDIA.",2.1M,17,11 months ago,tools,,https://ollama.com/library/mistral-nemo,12b; 12B,1000K; 128K,Vision; Reasoning; Text,cc,N/A,N/A,7.1GB,coding; reasoning; vision; function_calling,N/A,No
dolphin3,"Dolphin 3.0 Llama 3.1 8B üê¨ is the next generation of the Dolphin series of instruct-tuned models designed to be the ultimate general purpose local model, enabling coding, math, agentic, function calling, and general use cases.",1.9M,5,6 months ago,,,https://ollama.com/library/dolphin3,8b,128K,Vision; Math; Chat,N/A,N/A,N/A,4.9GB,coding; math; chat; vision,N/A,No
olmo2,"OLMo 2 is a new family of 7B and 13B models trained on up to 5T tokens. These models are on par with or better than equivalently sized fully open models, and competitive with open-weight models such as Llama 3.1 on English academic benchmarks.",1.9M,9,6 months ago,,,https://ollama.com/library/olmo2,13b; 13B,4K,Vision; Text,N/A,,N/A,4.5GB; 8.4GB,scientific; vision,0.5.5,No
deepseek-v3,A strong Mixture-of-Experts (MoE) language model with 671B total parameters with 37B activated for each token.,1.8M,5,6 months ago,,,https://ollama.com/library/deepseek-v3,671b,4K,Vision; Text,cc,N/A,N/A,404GB,translation; vision,3; 3.; 0.5.5,No
bge-m3,"BGE-M3 is a new model from BAAI distinguished for its versatility in Multi-Functionality, Multi-Linguality, and Multi-Granularity.",1.6M,3,11 months ago,embedding,,https://ollama.com/library/bge-m3,567m,8K,Embedding; Vision; Text,N/A,,N/A,1.2GB,translation; vision; embedding; function_calling,N/A,No
qwq,QwQ is the reasoning model of the Qwen series.,1.5M,8,4 months ago,tools,,https://ollama.com/library/qwq,32b,40K,Vision; Reasoning; Text,N/A,N/A,N/A,20GB,reasoning; translation; vision; function_calling,N/A,No
llava-llama3,A LLaVA model fine-tuned from Llama 3 Instruct with better scores in several benchmarks.,1.2M,4,1 year ago,vision,,https://ollama.com/library/llava-llama3,8b,8K,Vision; Text,cc,Llama; Llama,N/A,5.5GB,vision,1,No
mistral-small,Mistral Small 3 sets a new benchmark in the ‚Äúsmall‚Äù Large Language Models category below 70B.,1.2M,21,5 months ago,tools,,https://ollama.com/library/mistral-small,24b; 24B,32K; 128K,Vision; Code; Math,proprietary; Apache 2.0; commercial,gpt-4o-2024-05-13; gpt-4o-2024-05-13,N/A,14GB; 13GB; 32GB,coding; math; reasoning; medical,N/A,Yes
llama2-uncensored,Uncensored Llama 2 model by George Sung and Jarrad Hope.,1.2M,34,1 year ago,,,https://ollama.com/library/llama2-uncensored,7b; 70b,2K,Vision; Chat; Text,N/A,N/A,N/A,3.8GB; 39GB; 8GB; 64GB,chat; vision; function_calling,N/A,No
smollm2,"SmolLM2 is a family of compact language models available in three size: 135M, 360M, and 1.7B parameters.",1.2M,49,8 months ago,tools,,https://ollama.com/library/smollm2,1.7b; 1.7B,8K,Vision; Text,N/A,N/A,N/A,1.8GB; 271MB; 726MB,translation; vision; function_calling,N/A,No
mixtral,A set of Mixture of Experts (MoE) model with open weights by Mistral AI in 8x7b and 8x22b parameter sizes.,1.1M,70,6 months ago,tools,,https://ollama.com/library/mixtral,22b,32K; 64K,Vision; Math; Text,N/A,N/A,N/A,26GB; 80GB,coding; math; translation; vision,0.1,No
starcoder2,"StarCoder2 is the next generation of transparently trained open code LLMs that comes in three sizes: 3B, 7B and 15B parameters.",1M,67,10 months ago,,,https://ollama.com/library/starcoder2,15b; 15B,16K,Vision; Code; Text,N/A,,N/A,1.7GB; 4.0GB; 9.1GB,coding; translation; vision,N/A,No
deepseek-coder-v2,An open-source Mixture-of-Experts code language model that achieves performance comparable to GPT4-Turbo in code-specific tasks.,905.4K,64,10 months ago,,,https://ollama.com/library/deepseek-coder-v2,236b,160K; 4K,Vision; Code; Text,cc,N/A,N/A,8.9GB; 133GB,coding; translation; vision,2,No
deepseek-coder,DeepSeek Coder is a capable coding model trained on two trillion code and natural language tokens.,832.7K,102,1 year ago,,,https://ollama.com/library/deepseek-coder,33b,16K,Vision; Code; Text,N/A,,N/A,776MB; 3.8GB; 19GB,coding; translation; vision; function_calling,N/A,No
all-minilm,Embedding models on very large sentence level datasets.,787.7K,10,1 year ago,embedding,,https://ollama.com/library/all-minilm,33m,N/A,Embedding; Vision; Text,N/A,N/A,N/A,46MB; 67MB,vision; embedding; function_calling,N/A,No
snowflake-arctic-embed,snowflake-arctic-embed,759.6K,16,1 year ago,embedding,,https://ollama.com/library/snowflake-arctic-embed,335m,2K,Embedding; Vision; Text,N/A,N/A,N/A,669MB; 46MB; 67MB; 219MB; 274MB,vision; embedding,N/A,Yes
phi,Phi-2: a 2.7B language model by Microsoft Research that demonstrates outstanding reasoning and language understanding capabilities.,664.3K,18,1 year ago,,,https://ollama.com/library/phi,2.7b,2K,Vision; Code; Math,N/A,N/A,N/A,1.6GB,coding; math; reasoning; scientific,N/A,No
codegemma,"CodeGemma is a collection of powerful, lightweight models that can perform a variety of coding tasks like fill-in-the-middle code completion, code generation, natural language understanding, mathematical reasoning, and instruction following.",662K,85,12 months ago,,,https://ollama.com/library/codegemma,7b,8K,Vision; Code; Math,cc,,N/A,5.0GB; 1.6GB,coding; math; reasoning; translation,N/A,No
dolphin-mixtral,"Uncensored, 8x7b and 8x22b fine-tuned models based on the Mixtral mixture of experts models that excels at coding tasks. Created by Eric Hartford.",606.3K,70,6 months ago,,,https://ollama.com/library/dolphin-mixtral,22b,32K; 64K,Vision; Code; Text,N/A,Mixtral,N/A,26GB; 80GB,coding; vision,N/A,No
openthinker,A fully open-source family of reasoning models built using a dataset derived by distilling DeepSeek-R1.,535K,15,3 months ago,,,https://ollama.com/library/openthinker,32b,32K,Vision; Math; Reasoning,N/A,N/A,MATH:500; MATH:500; MATH:500; MATH:500,4.7GB; 20GB,math; reasoning; vision,2,No
llama4,Meta's latest collection of multimodal models.,461.8K,11,4 weeks ago,tools;vision,,https://ollama.com/library/llama4,17b; 109B; 400B,128K,Vision; Code; Math,mit; commercial; cc,,MMMU:0,67GB; 245GB,coding; math; reasoning; legal,N/A,Yes
orca-mini,"A general-purpose model ranging from 3 billion parameters to 70 billion, suitable for entry-level hardware.",430.8K,119,1 year ago,,,https://ollama.com/library/orca-mini,3b; 7b; 13b; 70b,2K; 4K,Vision; Math; Text,N/A,Llama; Llama,N/A,2.0GB; 3.8GB; 7.4GB; 39GB; 8GB; 16GB,math; vision; function_calling,3,No
wizardlm2,"State of the art large language model from Microsoft AI with improved performance on complex chat, multilingual, reasoning and agent use cases.",381.3K,22,1 year ago,,,https://ollama.com/library/wizardlm2,22b,32K; 64K,Vision; Reasoning; Chat,N/A,N/A,N/A,4.1GB; 80GB,reasoning; translation; chat; vision,N/A,No
dolphin-mistral,The uncensored Dolphin model based on Mistral that excels at coding tasks. Updated to version 2.8.,364.2K,120,1 year ago,,,https://ollama.com/library/dolphin-mistral,7b,32K,Vision; Chat; Text,commercial,Mistral; Mistral,N/A,4.1GB,coding; chat; vision,2.6; 0.2; 2.0,No
smollm,"ü™ê A family of small models with 135M, 360M, and 1.7B parameters, trained on a new high-quality dataset.",348K,94,11 months ago,,,https://ollama.com/library/smollm,1.7b; 1.7B,2K,Vision; Text,N/A,,N/A,991MB; 92MB; 229MB,translation; vision,N/A,No
dolphin-llama3,"Dolphin 2.9 is a new model with 8B and 70B sizes by Eric Hartford based on Llama 3 that has a variety of instruction, conversational, and coding skills.",343.6K,53,1 year ago,,,https://ollama.com/library/dolphin-llama3,70b; 70B,256K; 8K,Vision; Chat; Text,N/A,Llama; Llama,N/A,4.7GB; 40GB; 64GB,coding; chat; vision; function_calling,N/A,No
codestral,Codestral is Mistral AI‚Äôs first-ever code model designed for code generation tasks.,333.5K,17,10 months ago,,,https://ollama.com/library/codestral,22b; 22B,32K,Vision; Code; Text,cc,,N/A,13GB,coding; translation; vision; function_calling,N/A,No
command-r,Command R is a Large Language Model optimized for conversational interaction and long context tasks.,302.7K,32,10 months ago,tools,,https://ollama.com/library/command-r,35b,128K,Vision; Chat; Text,cc,N/A,N/A,19GB,translation; chat; vision; embedding,01; 0.1,Yes
hermes3,Hermes 3 is the latest version of the flagship Hermes series of LLMs by Nous Research,301.8K,65,7 months ago,tools,,https://ollama.com/library/hermes3,405b,128K,Vision; Code; Reasoning,N/A,N/A,N/A,4.7GB; 2.0GB; 40GB; 229GB,coding; reasoning; scientific; translation,N/A,No
phi3.5,A lightweight AI model with 3.8 billion parameters with performance overtaking similarly and larger sized models.,299.2K,17,10 months ago,,,https://ollama.com/library/phi3.5,3.8b,128K; 4K,Vision; Reasoning; Text,N/A,N/A,N/A,2.2GB,reasoning; summarization; vision; embedding,N/A,No
yi,"Yi 1.5 is a high-performing, bilingual language model.",284.7K,174,1 year ago,,,https://ollama.com/library/yi,34b,4K,Vision; Text,N/A,,N/A,3.5GB; 5.0GB; 19GB,translation; vision,N/A,No
zephyr,Zephyr is a series of fine-tuned versions of the Mistral and Mixtral models that are trained to act as helpful assistants.,273.2K,40,1 year ago,,,https://ollama.com/library/zephyr,141b,32K; 64K,Vision; Chat; Text,N/A,N/A,N/A,4.1GB; 80GB,translation; chat; vision,N/A,No
phi4-mini,"Phi-4-mini brings significant enhancements in multilingual support, reasoning, and mathematics, and now, the long-awaited function calling feature is finally supported.",225.7K,5,4 months ago,tools,,https://ollama.com/library/phi4-mini,3.8b,128K,Vision; Code; Math,commercial; cc,N/A,N/A,2.5GB,coding; math; reasoning; scientific,0.5.13,No
moondream,moondream2 is a small vision language model designed to run efficiently on edge devices.,220.7K,18,1 year ago,vision,,https://ollama.com/library/moondream,1.8b,2K,Vision; Reasoning; Text,mit; cc,N/A,N/A,1.7GB,reasoning; translation; vision,N/A,Yes
granite-code,A family of open foundation models by IBM for Code Intelligence,220.5K,162,10 months ago,,,https://ollama.com/library/granite-code,34b; 3B; 8B; 20B; 34B,125K; 128K; 8K,Vision; Code; Text,cc,N/A,N/A,2.0GB; 4.6GB; 12GB; 19GB,coding; vision,N/A,No
wizard-vicuna-uncensored,wizard-vicuna-uncensored,218.4K,49,1 year ago,,,https://ollama.com/library/wizard-vicuna-uncensored,7b; 13b; 30b; 30B,2K,Vision; Text,cc,Llama; Llama,N/A,3.8GB; 7.4GB; 18GB; 8GB; 16GB; 32GB,vision; function_calling,N/A,Yes
starcoder,StarCoder is a code generation model trained on 80+ programming languages.,206.6K,100,1 year ago,,,https://ollama.com/library/starcoder,15b,8K,Vision; Code; Text,N/A,GitHub; GitHub,N/A,1.8GB; 726MB; 4.3GB; 9.0GB,coding; translation; vision,N/A,No
granite3.3,IBM Granite 2B and 8B models are 128K context length language models that have been fine-tuned for improved reasoning and instruction-following capabilities.,206.3K,3,3 months ago,tools,,https://ollama.com/library/granite3.3,8b; 8B,128K,Vision; Code; Math,apache; Apache 2.0,N/A,N/A,4.9GB; 1.5GB,coding; math; reasoning; scientific,N/A,No
vicuna,General use chat model based on Llama and Llama 2 with 2K to 16K context sizes.,186K,111,1 year ago,,,https://ollama.com/library/vicuna,33b,16K; 2K; 4K,Vision; Chat; Text,N/A,Llama; Llama,N/A,3.8GB; 7.4GB; 18GB,chat; vision,1.3; 1.5,No
devstral,Devstral: the best open source model for coding agents,185.7K,5,1 week ago,tools,,https://ollama.com/library/devstral,24b,128K,Vision; Code; Text,mit; Apache 2.0; commercial,N/A,N/A,14GB; 32GB,coding; vision; function_calling,3,No
openchat,"A family of open-source models trained on a wide variety of data, surpassing ChatGPT on various benchmarks. Updated to version 3.5-0106.",178K,50,1 year ago,,,https://ollama.com/library/openchat,7b,8K,Vision; Chat; Text,N/A,,N/A,4.1GB,coding; translation; chat; vision,3.5,No
mistral-openorca,"Mistral OpenOrca is a 7 billion parameter model, fine-tuned on top of the Mistral 7B model using the OpenOrca dataset.",175.4K,17,1 year ago,,,https://ollama.com/library/mistral-openorca,7b; 7B; 13B,32K,Vision; Text,N/A,,N/A,4.1GB,vision; function_calling,N/A,No
mistral-small3.1,"Building upon Mistral Small 3, Mistral Small 3.1 (2503) adds state-of-the-art vision understanding and enhances long context capabilities up to 128k tokens without compromising text performance.",173.6K,5,3 months ago,tools;vision,,https://ollama.com/library/mistral-small3.1,24b,128K,Vision; Reasoning; Chat,Apache 2.0; cc,Mistral; Mistral,N/A,15GB; 32GB,reasoning; medical; legal; scientific,N/A,No
magistral,"Magistral is a small, efficient reasoning model with 24B parameters.",172.7K,5,4 weeks ago,tools;thinking,,https://ollama.com/library/magistral,24b; 24B,40K; 128K; 39K,Vision; Reasoning; Text,Apache 2.0; commercial; cc,N/A,N/A,14GB,coding; reasoning; medical; finance,N/A,Yes
codegeex4,"A versatile model for AI software development scenarios, including code completion.",172.7K,17,1 year ago,,,https://ollama.com/library/codegeex4,9b; 10B,128K,Vision; Code; Text,N/A,,N/A,5.5GB,coding; translation; vision,0.2.0,No
deepcoder,"DeepCoder is a fully open-Source 14B coder model at O3-mini level, with a 1.5B version also available.",169.4K,9,3 months ago,,,https://ollama.com/library/deepcoder,14b; 14B,128K,Vision; Code; Reasoning,cc,N/A,N/A,9.0GB; 1.1GB,coding; reasoning; vision; function_calling,5,No
deepseek-v2,"A strong, economical, and efficient Mixture-of-Experts language model.",167.8K,34,1 year ago,,,https://ollama.com/library/deepseek-v2,236b,4K,Vision; Text,N/A,N/A,N/A,8.9GB; 133GB,finance; translation; vision,2; 0.1.40,Yes
deepseek-llm,An advanced language model crafted with 2 trillion bilingual tokens.,166.2K,64,1 year ago,,,https://ollama.com/library/deepseek-llm,67b; 67B; 70B,4K,Vision; Math; Reasoning,N/A,N/A,N/A,4.0GB; 38GB,coding; math; reasoning; translation,N/A,No
openhermes,OpenHermes 2.5 is a 7B model fine-tuned by Teknium on Mistral with fully open datasets.,164.6K,35,1 year ago,,,https://ollama.com/library/openhermes,7B; 70B,32K,Vision; Code; Chat,N/A,,N/A,4.1GB,coding; chat; vision; function_calling,2; 2.5,No
cogito,"Cogito v1 Preview is a family of hybrid reasoning models by Deep Cogito that outperform the best available open models of the same size, including counterparts from LLaMA, DeepSeek, and Qwen across most standard benchmarks.",162.2K,20,3 months ago,tools,,https://ollama.com/library/cogito,70b,128K,Vision; Reasoning; Chat,commercial; cc,N/A,N/A,4.9GB; 2.2GB; 9.0GB; 20GB; 43GB,coding; reasoning; scientific; translation,1,Yes
codeqwen,CodeQwen1.5 is a large language model pretrained on a large amount of code data.,157.8K,30,1 year ago,,,https://ollama.com/library/codeqwen,7b,64K,Vision; Code; Text,cc,Qwen1; Qwen1,N/A,4.2GB,coding; translation; vision,N/A,No
llama2-chinese,Llama 2 based model fine tuned to improve Chinese dialogue ability.,155.1K,35,1 year ago,,,https://ollama.com/library/llama2-chinese,7b; 13b; 13B,4K,Vision; Code; Chat,cc,Meta; Meta,N/A,3.8GB; 7.4GB; 8GB; 16GB,coding; chat; vision; function_calling,N/A,No
phi4-reasoning,Phi 4 reasoning and reasoning plus are 14-billion parameter open-weight reasoning models that rival much larger models on complex reasoning tasks.,150.8K,9,2 months ago,,,https://ollama.com/library/phi4-reasoning,14b,32K,Vision; Math; Reasoning,proprietary; cc,N/A,N/A,11GB,coding; math; reasoning; scientific,N/A,No
aya,"Aya 23, released by Cohere, is a new family of state-of-the-art, multilingual models that support 23 languages.",147.8K,33,1 year ago,,,https://ollama.com/library/aya,35b; 35B,8K,Vision; Text,N/A,N/A,N/A,4.8GB; 20GB,scientific; translation; vision,N/A,No
mistral-large,"Mistral Large 2 is Mistral's new flagship model that is significantly more capable in code generation, mathematics, and reasoning with 128k context window and support for dozens of languages.",143.4K,32,7 months ago,tools,,https://ollama.com/library/mistral-large,123b; 123B,128K,Vision; Code; Math,commercial,more; more,N/A,73GB,coding; math; reasoning; scientific,N/A,No
glm4,A strong multi-lingual general language model with competitive performance to Llama 3.,139.8K,32,1 year ago,,,https://ollama.com/library/glm4,9b,128K,Vision; Code; Math,N/A,N/A,N/A,5.5GB,coding; math; reasoning; translation,0.2.0,No
tinydolphin,An experimental 1.1B parameter model trained on the new Dolphin 2.8 dataset by Eric Hartford and based on TinyLlama.,139.7K,18,1 year ago,,,https://ollama.com/library/tinydolphin,1.1b; 1.1B,4K,Vision; Text,N/A,TinyLlama; TinyLlama,N/A,637MB,vision,N/A,No
stable-code,Stable Code 3B is a coding model with instruct and code completion variants on par with models such as Code Llama 7B that are 2.5x larger.,138.9K,36,1 year ago,,,https://ollama.com/library/stable-code,3b,16K,Embedding; Vision; Code,mit; cc,,N/A,1.6GB,coding; math; translation; vision,1.5,No
granite3.2-vision,"A compact and efficient vision-language model, specifically designed for visual document understanding, enabling automated content extraction from tables, charts, infographics, plots, diagrams, and more.",138.7K,5,4 months ago,tools;vision,,https://ollama.com/library/granite3.2-vision,2b,16K,Vision; Text,N/A,,N/A,2.4GB,translation; vision; function_calling,0.5.13,Yes
qwen2-math,"Qwen2 Math is a series of specialized math language models built upon the Qwen2 LLMs, which significantly outperforms the mathematical capabilities of open-source models and even closed-source models (e.g., GPT4o).",138.3K,52,10 months ago,,,https://ollama.com/library/qwen2-math,72b,4K,Vision; Math; Chat,N/A,N/A,math:138.4; math:1.5; math:1.5; math:7; math:7; math:72; math:72,4.4GB; 935MB; 41GB,math; translation; chat; vision,N/A,No
nous-hermes2,The powerful family of models by Nous Research that excels at scientific discussion and coding tasks.,134.1K,33,1 year ago,,,https://ollama.com/library/nous-hermes2,10.7b; 34b; 10.7B; 34B,4K,Vision; Text,N/A,Solar,N/A,6.1GB; 19GB,coding; scientific; vision,N/A,No
wizardcoder,State-of-the-art code generation model,129.8K,67,1 year ago,,,https://ollama.com/library/wizardcoder,33b; 33B; 34B,16K,Vision; Code; Text,N/A,Code; Code,N/A,3.8GB; 19GB,coding; translation; vision,1.1,No
command-r-plus,"Command R+ is a powerful, scalable large language model purpose-built to excel at real-world enterprise use cases.",129.6K,21,10 months ago,tools,,https://ollama.com/library/command-r-plus,104b,128K,Vision; Text,cc,N/A,N/A,59GB,translation; vision; embedding; function_calling,N/A,No
bakllava,BakLLaVA is a multimodal model consisting of the Mistral 7B base model augmented with the LLaVA  architecture.,123.3K,17,1 year ago,vision,,https://ollama.com/library/bakllava,7b; 7B,32K,Vision; Text,CC; cc,N/A,N/A,4.7GB; 93TB,vision; function_calling,87; 2; 359,No
neural-chat,A fine-tuned model based on Mistral with good coverage of domain and language.,118.8K,50,1 year ago,,,https://ollama.com/library/neural-chat,7b,32K,Vision; Chat; Text,N/A,Mistral; Mistral,N/A,4.1GB,translation; chat; vision,3,No
stablelm2,"Stable LM 2 is a state-of-the-art 1.6B and 12B parameter language model trained on multilingual data in English, Spanish, German, Italian, French, Portuguese, and Dutch.",117K,84,1 year ago,,,https://ollama.com/library/stablelm2,12b; 12B,4K,Vision; Text,N/A,multilingual; multilingual,N/A,983MB; 7.0GB,translation; vision,N/A,No
granite3.2,Granite-3.2 is a family of long-context AI models from IBM Granite fine-tuned for thinking capabilities.,115K,9,4 months ago,tools;thinking,,https://ollama.com/library/granite3.2,8b,128K,Vision; Code; Reasoning,apache; Apache 2.0,,N/A,4.9GB; 1.5GB,coding; reasoning; translation; summarization,N/A,No
bge-large,Embedding model from BAAI mapping texts to vectors.,112.9K,3,11 months ago,embedding,,https://ollama.com/library/bge-large,335m,N/A,Embedding; Vision; Text,N/A,N/A,N/A,671MB,vision; embedding,N/A,No
sqlcoder,SQLCoder is a code completion model fined-tuned on StarCoder for SQL generation tasks,112.1K,48,1 year ago,,,https://ollama.com/library/sqlcoder,15b; 15B,32K; 8K,Vision; Code; Math,cc,your; your,N/A,4.1GB; 9.0GB; 16GB,coding; math; reasoning; translation,N/A,No
llama3-chatqa,A model from NVIDIA based on Llama 3 that excels at conversational question answering (QA) and retrieval-augmented generation (RAG).,109.8K,35,1 year ago,,,https://ollama.com/library/llama3-chatqa,70b,8K,Vision; Math; Chat,N/A,Llama; Llama,N/A,4.7GB; 40GB,math; chat; vision; embedding,N/A,No
reflection,A high-performing model trained with a new technique called Reflection-tuning that teaches a LLM to detect mistakes in its reasoning and correct course.,107K,17,10 months ago,,,https://ollama.com/library/reflection,70b,128K,Vision; Reasoning; Text,N/A,N/A,N/A,40GB,reasoning; vision,N/A,No
wizard-math,Model focused on math and logic problems,106.7K,64,1 year ago,,,https://ollama.com/library/wizard-math,70b; 70B,32K; 2K; 4K,Vision; Math; Reasoning,N/A,,math:106.8; math:7; math:7; math:13; math:13; math:70; math:70; Math:7,4.1GB; 7.4GB; 39GB,math; reasoning; vision,1.0; 1.1,No
llava-phi3,A new small LLaVA model fine-tuned from Phi 3 Mini.,105.2K,4,1 year ago,vision,,https://ollama.com/library/llava-phi3,3.8b,4K,Vision; Text,N/A,,N/A,2.9GB,vision,N/A,No
granite3.1-dense,"The IBM Granite 2B and 8B models are text-only dense LLMs trained on over 12 trillion tokens of data, demonstrated significant improvements over their predecessors in performance and speed in IBM‚Äôs initial testing.",104.5K,33,5 months ago,tools,,https://ollama.com/library/granite3.1-dense,8b; 3B; 8B,128K,Vision; Code; Text,apache; Apache 2.0,over; over,N/A,5.0GB; 1.6GB,coding; scientific; translation; summarization,N/A,No
llama3-gradient,This model extends LLama-3 8B's context length from 8k to over 1m tokens.,104.1K,35,1 year ago,,,https://ollama.com/library/llama3-gradient,70b,256K; 8K,Vision; Text,cc,830M; 830M,N/A,4.7GB; 40GB; 64GB; 100GB,vision; function_calling,N/A,No
granite3-dense,"The IBM Granite 2B and 8B models are designed to support tool-based use cases and support for retrieval augmented generation (RAG), streamlining code generation, translation and bug fixing.",103.7K,33,7 months ago,tools,,https://ollama.com/library/granite3-dense,8b; 3B; 8B,4K,Vision; Code; Text,apache; Apache 2.0,over; over,N/A,1.6GB; 4.9GB,coding; scientific; translation; summarization,1; 2,No
dbrx,"DBRX is an open, general-purpose LLM created by Databricks.",100.8K,7,1 year ago,,,https://ollama.com/library/dbrx,132b; 36B,32K,Vision; Code; Text,N/A,,N/A,74GB,coding; translation; vision,0.1.32,No
snowflake-arctic-embed2,snowflake-arctic-embed2,99.9K,3,7 months ago,embedding,,https://ollama.com/library/snowflake-arctic-embed2,568m; 1B,8K,Embedding; Vision; Text,Apache 2.0,internal; internal,N/A,1.2GB,translation; vision; embedding; function_calling,N/A,Yes
exaone3.5,"EXAONE 3.5 is a collection of instruction-tuned bilingual (English and Korean) generative models ranging from 2.4B to 32B parameters, developed and released by LG AI Research.",98.3K,13,7 months ago,,,https://ollama.com/library/exaone3.5,32b; 2.4B; 7.8B; 32B,32K,Vision; Text,N/A,N/A,N/A,4.8GB; 1.6GB; 19GB,scientific; translation; vision,N/A,Yes
samantha-mistral,"A companion assistant trained in philosophy, psychology, and personal relationships. Based on Mistral.",96.2K,49,1 year ago,,,https://ollama.com/library/samantha-mistral,7b,32K,Vision; Chat; Text,cc,Mistral; Mistral,N/A,4.1GB,chat; vision,N/A,No
yi-coder,Yi-Coder is a series of open-source code language models that delivers state-of-the-art coding performance with fewer than 10 billion parameters.,93.1K,67,10 months ago,,,https://ollama.com/library/yi-coder,9b,128K,Vision; Code; Chat,N/A,N/A,N/A,5.0GB; 866MB,coding; translation; chat; vision,N/A,No
dolphincoder,"A 7B and 15B uncensored variant of the Dolphin model family that excels at coding, based on StarCoder2.",92.6K,35,1 year ago,,,https://ollama.com/library/dolphincoder,15b; 15B,16K,Vision; Code; Text,N/A,StarCoder2; StarCoder2,N/A,4.2GB; 9.1GB,coding; vision,N/A,No
starling-lm,Starling is a large language model trained by reinforcement learning from AI feedback focused on improving chatbot helpfulness.,90.8K,36,1 year ago,,,https://ollama.com/library/starling-lm,7b,8K,Vision; Chat; Text,commercial; cc,,N/A,4.1GB,translation; chat; vision,N/A,No
nous-hermes,General use models based on Llama and Llama 2 from Nous Research.,90.8K,63,1 year ago,,,https://ollama.com/library/nous-hermes,7b; 13b; 13B,4K,Vision; Chat; Text,cc,Llama; Llama,N/A,3.8GB; 7.4GB; 8GB; 16GB,scientific; chat; vision; function_calling,N/A,Yes
nemotron-mini,"A commercial-friendly small language model by NVIDIA optimized for roleplay, RAG QA, and function calling.",90.5K,17,10 months ago,tools,,https://ollama.com/library/nemotron-mini,4b,4K,Vision; Text,commercial,N/A,N/A,2.7GB,translation; vision; embedding; function_calling,N/A,Yes
xwinlm,Conversational model based on Llama 2 that performs competitively on various benchmarks.,87.6K,80,1 year ago,,,https://ollama.com/library/xwinlm,13b,4K,Vision; Chat; Text,N/A,Llama; Llama,N/A,3.8GB; 7.4GB,chat; vision,0.2,No
solar,"A compact, yet powerful 10.7B large language model designed for single-turn conversation.",87.6K,32,1 year ago,,,https://ollama.com/library/solar,10.7b; 7B; 30B,4K,Vision; Chat; Text,N/A,N/A,N/A,6.1GB,translation; chat; vision,1.0,No
phind-codellama,Code generation model based on Code Llama.,87.5K,49,1 year ago,,,https://ollama.com/library/phind-codellama,34b,16K,Vision; Code; Text,N/A,Code; Code,4:HumanEval; 4:HumanEval,19GB; 32GB,coding; vision; function_calling,1; 2; 2.,No
internlm2,InternLM2.5 is a 7B parameter model tailored for practical scenarios with outstanding reasoning capability.,86.6K,65,11 months ago,,,https://ollama.com/library/internlm2,20b; 7B,32K; 256K,Vision; Math; Reasoning,N/A,N/A,N/A,4.5GB; 1.1GB; 11GB,math; reasoning; chat; vision,N/A,No
deepscaler,A fine-tuned version of Deepseek-R1-Distilled-Qwen-1.5B that surpasses the performance of OpenAI‚Äôs o1-preview with just 1.5B parameters on popular math evaluations.,85.7K,5,5 months ago,,,https://ollama.com/library/deepscaler,1.5b; 1.5B; 7B,128K,Vision; Math; Reasoning,cc,DeepSeek-R1-Distilled-Qwen-1; DeepSeek-R1-Distilled-Qwen-1,MATH:500; MATH:500; MATH:500; MATH:500,3.6GB,math; reasoning; scientific; translation,N/A,No
athene-v2,"Athene-V2 is a 72B parameter model which excels at code completion, mathematics, and log extraction tasks.",84.6K,17,8 months ago,tools,,https://ollama.com/library/athene-v2,72b; 72B,32K,Vision; Code; Math,N/A,Qwen; Qwen,N/A,47GB,coding; math; chat; vision,2,No
nemotron,Llama-3.1-Nemotron-70B-Instruct is a large language model customized by NVIDIA to improve the helpfulness of LLM generated responses to user queries.,82.7K,17,9 months ago,tools,,https://ollama.com/library/nemotron,70b,128K,Vision; Text,N/A,N/A,N/A,43GB,translation; vision; function_calling,N/A,No
yarn-llama2,An extension of Llama 2 that supports a context of up to 128k tokens.,82.1K,67,1 year ago,,,https://ollama.com/library/yarn-llama2,13b,128K; 64K,Vision; Text,N/A,Llama2,N/A,3.8GB; 7.4GB,scientific; translation; vision; function_calling,N/A,Yes
dolphin-phi,"2.7B uncensored Dolphin model by Eric Hartford, based on the Phi language model by Microsoft Research.",79.2K,15,1 year ago,,,https://ollama.com/library/dolphin-phi,2.7b,2K,Vision; Text,N/A,,N/A,1.6GB,scientific; translation; vision,N/A,No
falcon,"A large language model built by the Technology Innovation Institute (TII) for use in summarization, text generation, and chat bots.",78.2K,38,1 year ago,,,https://ollama.com/library/falcon,180b,2K,Vision; Chat; Text,commercial; cc,chat; chat,N/A,4.2GB; 24GB; 101GB; 8GB; 32GB; 192GB,scientific; translation; summarization; chat,N/A,No
wizardlm,General use model based on Llama 2.,77.6K,73,1 year ago,,,https://ollama.com/library/wizardlm,70b; 70B,2K,Vision; Text,cc,Llama; Llama,N/A,2.8GB; 2.9GB; 3.3GB; 64GB,vision; function_calling,1.0,Yes
llama3-groq-tool-use,,76.4K,33,11 months ago,tools,,https://ollama.com/library/llama3-groq-tool-use,70b,8K,Vision; Text,cc,N/A,N/A,4.7GB; 40GB,translation; vision; function_calling,N/A,No
opencoder,"OpenCoder is an open and reproducible code LLM family which includes 1.5B and 8B models, supporting chat in English and Chinese languages.",72.7K,9,8 months ago,,,https://ollama.com/library/opencoder,8b; 8B,8K; 4K,Vision; Code; Chat,N/A,,N/A,4.7GB; 1.4GB,coding; reasoning; scientific; translation,N/A,No
paraphrase-multilingual,paraphrase-multilingual,70.6K,3,11 months ago,embedding,,https://ollama.com/library/paraphrase-multilingual,278m,N/A,Embedding; Vision; Text,N/A,N/A,N/A,563MB,translation; vision; embedding,N/A,No
wizardlm-uncensored,Uncensored version of Wizard LM model,69.8K,18,1 year ago,,,https://ollama.com/library/wizardlm-uncensored,13b; 13B,4K,Vision; Text,cc,Llama; Llama,N/A,7.4GB; 16GB,vision; function_calling,N/A,Yes
exaone-deep,"EXAONE Deep exhibits superior capabilities in various reasoning tasks including math and coding benchmarks, ranging from 2.4B to 32B parameters developed and released by LG AI Research.",68.3K,13,3 months ago,,,https://ollama.com/library/exaone-deep,32b; 32B,32K,Vision; Math; Reasoning,proprietary,N/A,N/A,4.8GB; 1.6GB; 19GB,coding; math; reasoning; scientific,N/A,No
orca2,"Orca 2 is built by Microsoft research, and are a fine-tuned version of Meta's Llama 2 models.  The model is designed to excel particularly in reasoning.",68K,33,1 year ago,,,https://ollama.com/library/orca2,13b,4K,Vision; Math; Reasoning,N/A,N/A,N/A,3.8GB; 7.4GB,math; reasoning; scientific; translation,N/A,No
aya-expanse,Cohere For AI's language models trained to perform well across 23 different languages.,67.3K,33,8 months ago,tools,,https://ollama.com/library/aya-expanse,32b; 32B,128K; 8K,Vision; Text,CC,,N/A,5.1GB; 20GB,scientific; translation; vision; function_calling,N/A,No
smallthinker,A new small reasoning model fine-tuned from the Qwen 2.5 3B Instruct model.,66.3K,5,6 months ago,,,https://ollama.com/library/smallthinker,3b; 3B,32K,Vision; Reasoning; Text,N/A,QWQ-32B-Preview; QWQ-32B-Preview,N/A,3.6GB,reasoning; scientific; vision,N/A,Yes
llama-guard3,Llama Guard 3 is a series of models fine-tuned for content safety classification of LLM inputs and responses.,65.4K,33,9 months ago,,,https://ollama.com/library/llama-guard3,8b,128K,Vision; Code; Reasoning,N/A,,N/A,4.9GB; 1.6GB,coding; reasoning; medical; finance,0,Yes
falcon3,"A family of efficient AI models under 10B parameters performant in science, math, and coding through innovative training techniques.",65.3K,17,7 months ago,,,https://ollama.com/library/falcon3,10b; 1B; 10B,32K; 8K,Vision; Code; Math,N/A,N/A,N/A,4.6GB; 1.8GB; 2.0GB; 6.3GB,coding; math; translation; vision,N/A,Yes
medllama2,Fine-tuned Llama 2 model to answer medical questions based on an open source medical dataset.,63.2K,17,1 year ago,,,https://ollama.com/library/medllama2,7b,4K,Vision; Text,N/A,,N/A,3.8GB; 8GB,medical; scientific; vision; function_calling,N/A,No
granite-embedding,"The IBM Granite Embedding 30M and 278M models models are text-only dense biencoder embedding models, with 30M available in English only and 278M serving multilingual use cases.",63.2K,6,7 months ago,embedding,,https://ollama.com/library/granite-embedding,278M; 278m; 3B; 8B,N/A,Embedding; Vision; Code,apache; Apache 2.0,N/A,N/A,63MB; 563MB,coding; scientific; translation; vision,N/A,No
nous-hermes2-mixtral,,62.1K,18,6 months ago,,,https://ollama.com/library/nous-hermes2-mixtral,7b,32K,Vision; Code; Reasoning,cc,beam; beam,N/A,26GB,coding; reasoning; scientific; translation,N/A,No
stable-beluga,Llama 2 based model fine tuned on an Orca-style dataset. Originally called Free Willy.,61.7K,49,1 year ago,,,https://ollama.com/library/stable-beluga,7b; 13b; 70b; 70B,4K,Vision; Text,cc,Llama; Llama,N/A,3.8GB; 7.4GB; 39GB; 8GB; 16GB; 64GB,vision; function_calling,N/A,Yes
granite3-moe,The IBM Granite 1B and 3B models are the first mixture of experts (MoE) Granite models from IBM designed for low latency usage.,59.5K,33,7 months ago,tools,,https://ollama.com/library/granite3-moe,3b; 3B; 8B,4K,Vision; Code; Text,apache; Apache 2.0; cc,over; over,N/A,822MB; 2.1GB,coding; scientific; translation; summarization,N/A,No
meditron,Open-source medical large language model adapted from Llama 2 to the medical domain.,58K,22,1 year ago,,,https://ollama.com/library/meditron,70b,2K; 4K,Vision; Reasoning; Text,N/A,N/A,N/A,3.8GB; 39GB,reasoning; medical; translation; vision,N/A,No
deepseek-v2.5,An upgraded version of DeekSeek-V2  that integrates the general and coding abilities of both DeepSeek-V2-Chat and DeepSeek-Coder-V2-Instruct.,56.5K,7,10 months ago,,,https://ollama.com/library/deepseek-v2.5,236b,4K,Vision; Code; Chat,N/A,N/A,N/A,133GB,coding; chat; vision,2; 2.5,Yes
reader-lm,"A series of models that convert HTML content to Markdown content, which is useful for content conversion tasks.",50.4K,33,10 months ago,,,https://ollama.com/library/reader-lm,1.5b,250K,Vision; Text,N/A,,N/A,935MB; 352MB,vision,N/A,No
r1-1776,"A version of the DeepSeek-R1 model that has been post trained to provide unbiased, accurate, and factual information by Perplexity.",50.2K,9,4 months ago,,,https://ollama.com/library/r1-1776,671b,128K; 4K,Vision; Math; Reasoning,mit; CC; cc,N/A,N/A,43GB; 404GB,math; reasoning; finance; scientific,N/A,Yes
granite3.1-moe,The IBM Granite 1B and 3B models are long-context mixture of experts (MoE) Granite models from IBM designed for low latency usage.,49.8K,33,5 months ago,tools,,https://ollama.com/library/granite3.1-moe,3b; 3B; 8B,128K,Vision; Code; Text,apache; Apache 2.0,over; over,N/A,2.0GB; 1.4GB,coding; scientific; translation; summarization,N/A,No
llama-pro,"An expansion of Llama 2 that specializes in integrating both general language understanding and domain-specific knowledge, particularly in programming and mathematics.",48.7K,33,1 year ago,,,https://ollama.com/library/llama-pro,N/A,4K,Vision; Code; Math,cc,N/A,N/A,4.7GB,coding; math; scientific; translation,N/A,No
yarn-mistral,An extension of Mistral to support context windows of 64K or 128K.,47.5K,33,1 year ago,,,https://ollama.com/library/yarn-mistral,7b,32K; 128K; 64K,Vision; Text,N/A,Mistral,N/A,4.1GB,scientific; translation; vision; function_calling,N/A,Yes
nexusraven,Nexus Raven is a 13B instruction tuned model for function calling tasks.,44.3K,32,1 year ago,,,https://ollama.com/library/nexusraven,13b; 13B,16K,Vision; Text,proprietary; Commercial; commercial,,N/A,7.4GB,coding; vision; function_calling,2,No
shieldgemma,ShieldGemma is set of instruction tuned models for evaluating the safety of text prompt input and text output responses against a set of defined safety policies.,44K,49,9 months ago,,,https://ollama.com/library/shieldgemma,27b; 27B,8K,Vision; Code; Chat,N/A,N/A,N/A,5.8GB; 1.7GB; 17GB,coding; translation; chat; vision,N/A,No
command-r7b,"The smallest model in Cohere's R series delivers top-tier speed, efficiency, and quality to build powerful AI applications on commodity GPUs and edge devices.",42.9K,5,6 months ago,tools,,https://ollama.com/library/command-r7b,7b,8K,Embedding; Vision; Code,cc,,N/A,5.1GB,coding; reasoning; scientific; translation,N/A,Yes
mathstral,MathŒ£tral: a 7B model designed for math reasoning and scientific discovery by Mistral AI.,42.8K,17,1 year ago,,,https://ollama.com/library/mathstral,7b; 7B,32K,Vision; Math; Reasoning,cc,N/A,68.37%:MATH; 68.37%:MATH; 68.37%:MATH; 68.37%:MATH,4.1GB,math; reasoning; scientific; vision,0.1,No
everythinglm,Uncensored Llama2 based model with support for a 16K context window.,42.6K,18,1 year ago,,,https://ollama.com/library/everythinglm,13b,16K,Vision; Text,N/A,N/A,N/A,7.4GB,translation; vision; function_calling,2,No
codeup,Great code generation model based on Llama2.,42.4K,19,1 year ago,,,https://ollama.com/library/codeup,13b,4K,Vision; Code; Chat,cc,Llama2; Llama2,N/A,7.4GB; 16GB,coding; translation; chat; vision,N/A,Yes
marco-o1,An open large reasoning model for real-world solutions by the Alibaba International Digital Commerce Group (AIDC-AI).,41K,5,7 months ago,,,https://ollama.com/library/marco-o1,7b,32K,Vision; Reasoning; Text,N/A,N/A,N/A,4.7GB,reasoning; legal; translation; vision,N/A,No
stablelm-zephyr,"A lightweight chat model allowing accurate, and responsive output without requiring high-end hardware.",40.6K,17,1 year ago,,,https://ollama.com/library/stablelm-zephyr,3b,4K,Vision; Chat; Text,cc,N/A,N/A,1.6GB,chat; vision,N/A,No
solar-pro,Solar Pro Preview: an advanced large language model (LLM) with 22 billion parameters designed to fit into a single GPU,38.4K,18,10 months ago,,,https://ollama.com/library/solar-pro,22b,4K,Vision; Text,mit,N/A,N/A,13GB; 80GB,translation; vision; function_calling,N/A,Yes
duckdb-nsql,7B parameter text-to-SQL model made by MotherDuck and Numbers Station.,36.4K,17,1 year ago,,,https://ollama.com/library/duckdb-nsql,7b; 7B,16K,Vision; Text,mit,,N/A,3.8GB; 80GB,translation; vision; function_calling,0.9.2; 0.1,No
falcon2,Falcon2 is an 11B parameters causal decoder-only model built by TII and trained over 5T tokens.,36.3K,17,1 year ago,,,https://ollama.com/library/falcon2,11b; 11B,2K,Vision; Code; Text,N/A,N/A,N/A,6.4GB,coding; vision,N/A,No
magicoder,"üé© Magicoder is a family of 7B parameter models trained on 75K synthetic instruction data using OSS-Instruct, a novel approach to enlightening LLMs with open-source code snippets.",34.9K,18,1 year ago,,,https://ollama.com/library/magicoder,7b; 7B,16K,Vision; Code; Text,mit,,N/A,3.8GB,coding; vision,N/A,No
mistrallite,MistralLite is a fine-tuned model based on Mistral with enhanced capabilities of processing long contexts.,34.5K,17,1 year ago,,,https://ollama.com/library/mistrallite,7b,32K,Vision; Text,N/A,Mistral; Mistral,N/A,4.1GB,vision,N/A,No
codebooga,A high-performing code instruct model created by merging two existing code models.,33.7K,16,1 year ago,,,https://ollama.com/library/codebooga,34b,16K,Vision; Code; Text,N/A,N/A,N/A,19GB,coding; vision,2; 1.0; 0.1,No
phi4-mini-reasoning,Phi 4 mini reasoning is a lightweight open model that balances efficiency with advanced reasoning ability.,32.4K,5,2 months ago,,,https://ollama.com/library/phi4-mini-reasoning,3.8b; 3.8B,128K,Vision; Math; Reasoning,cc,N/A,N/A,3.2GB,math; reasoning; translation; vision,N/A,No
bespoke-minicheck,A state-of-the-art fact-checking model developed by Bespoke Labs.,32K,17,10 months ago,,,https://ollama.com/library/bespoke-minicheck,7b,32K,Vision; Text,cc,N/A,N/A,4.7GB,vision,N/A,No
tulu3,"T√ºlu 3 is a leading instruction following model family, offering fully open-source data, code, and recipes by the The Allen Institute for AI.",31.8K,9,6 months ago,,,https://ollama.com/library/tulu3,70b,128K,Vision; Code; Math,N/A,N/A,N/A,4.9GB; 43GB,coding; math; chat; vision,N/A,No
wizard-vicuna,Wizard Vicuna is a 13B parameter model based on Llama 2 trained by MelodysDreamj.,31.7K,17,1 year ago,,,https://ollama.com/library/wizard-vicuna,13b; 13B,2K,Vision; Text,cc,Llama; Llama,N/A,7.4GB; 16GB,vision; function_calling,N/A,No
nuextract,"A 3.8B model fine-tuned on a private high-quality synthetic dataset for information extraction, based on Phi-3.",30.8K,17,11 months ago,,,https://ollama.com/library/nuextract,3.8b; 3.8B; 13B; 34B,4K,Vision; Code; Math,Apache 2.0,Phi-3; Phi-3,N/A,2.2GB,coding; math; reasoning; translation,34,No
mistral-small3.2,"An update to Mistral Small that improves on function calling, instruction following, and less repetition errors.",29.8K,5,3 weeks ago,tools;vision,,https://ollama.com/library/mistral-small3.2,24b,128K,Vision; Text,N/A,N/A,N/A,15GB,vision; function_calling,N/A,No
granite3-guardian,The IBM Granite Guardian 3.0 2B and 8B models are designed to detect risks in prompts and/or responses.,26.9K,10,7 months ago,,,https://ollama.com/library/granite3-guardian,8b; 3B; 8B,8K,Vision; Code; Text,apache; Apache 2.0; cc,identity; identity,N/A,2.7GB; 5.8GB,coding; legal; scientific; translation,N/A,No
megadolphin,MegaDolphin-2.2-120b is a transformation of Dolphin-2.2-70b created by interleaving the model with itself.,26.8K,19,1 year ago,,,https://ollama.com/library/megadolphin,120b,4K,Vision; Text,N/A,N/A,N/A,68GB,vision,N/A,No
notux,"A top-performing mixture of experts model, fine-tuned with high-quality data.",26.2K,18,1 year ago,,,https://ollama.com/library/notux,7b,32K,Vision; Text,N/A,N/A,N/A,26GB,vision,1,No
open-orca-platypus2,Merge of the Open Orca OpenChat model and the Garage-bAInd Platypus 2 model. Designed for chat and code generation.,25.7K,17,1 year ago,,,https://ollama.com/library/open-orca-platypus2,13b; 13B,4K,Vision; Code; Chat,cc,N/A,N/A,7.4GB; 16GB,coding; chat; vision; function_calling,N/A,Yes
notus,A 7B chat model fine-tuned with high-quality data and based on Zephyr.,25.3K,18,1 year ago,,,https://ollama.com/library/notus,7b,32K,Vision; Chat; Text,N/A,Zephyr; Zephyr,N/A,4.1GB,chat; vision,1,No
goliath,A language model created by combining two fine-tuned Llama 2 70B models into one.,24.3K,16,1 year ago,,,https://ollama.com/library/goliath,70B,4K,Vision; Text,N/A,N/A,N/A,66GB,translation; vision,N/A,No
sailor2,"Sailor2 are multilingual language models made for South-East Asia. Available in 1B, 8B, and 20B parameter sizes.",23.4K,13,7 months ago,,,https://ollama.com/library/sailor2,20b; 1B; 20B,32K,Vision; Text,Apache 2.0; cc,500B; 500B,N/A,5.2GB; 1.1GB; 12GB,coding; scientific; translation; vision,N/A,No
firefunction-v2,"An open weights function calling model based on Llama 3, competitive with GPT-4o function calling capabilities.",23K,17,12 months ago,tools,,https://ollama.com/library/firefunction-v2,70b,8K,Vision; Chat; Text,N/A,Llama; Llama,N/A,40GB,chat; vision; function_calling,2,Yes
command-a,"111 billion parameter model optimized for demanding enterprises that require fast, secure, and high-quality AI",21.3K,5,4 months ago,tools,,https://ollama.com/library/command-a,111b,16K; 256K,Vision; Code; Chat,proprietary,,N/A,67GB,coding; scientific; translation; chat,N/A,Yes
alfred,A robust conversational model designed to be used for both chat and instruct use cases.,17.7K,7,1 year ago,,,https://ollama.com/library/alfred,40b; 40B,2K; 8K,Vision; Chat; Text,cc,,N/A,24GB,chat; vision; embedding,N/A,No
command-r7b-arabic,A new state-of-the-art version of the lightweight Command R7B model that excels in advanced Arabic language capabilities for enterprises in the Middle East and Northern Africa.,961,5,4 months ago,tools,,https://ollama.com/library/command-r7b-arabic,7b; 7B,16K; 128K,Vision; Text,cc,N/A,N/A,5.1GB,translation; vision; embedding; function_calling,N/A,Yes
